user_id,product_id,category,time_spent_minutes,pages_viewed,cart_added,purchased,device,location
1000,P1000,Electronics,3,9,0,0,Tablet,Hyderabad
1001,P1001,Clothing,16,3,1,0,Laptop,Bangalore
1002,P1002,Home,21,1,1,0,Laptop,Kolkata
1003,P1003,Electronics,14,5,1,1,Laptop,Hyderabad
1004,P1004,Electronics,3,4,1,0,Laptop,Delhi
1005,P1005,Clothing,4,2,0,0,Tablet,Hyderabad
1006,P1006,Electronics,9,6,1,1,Mobile,Delhi
1007,P1007,Clothing,15,9,0,0,Tablet,Delhi
1008,P1008,Home,2,1,1,0,Tablet,Delhi
1009,P1009,Clothing,2,6,1,0,Mobile,Kolkata
1010,P1010,Electronics,6,8,0,0,Tablet,Hyderabad
1011,P1011,Beauty,14,9,1,1,Tablet,Pune
1012,P1012,Electronics,25,6,0,0,Mobile,Kolkata
1013,P1013,Home,13,1,1,0,Laptop,Delhi
1014,P1014,Beauty,4,6,1,0,Mobile,Delhi
1015,P1015,Beauty,13,7,1,1,Laptop,Hyderabad
1016,P1016,Beauty,20,2,1,0,Laptop,Pune
1017,P1017,Electronics,9,2,1,0,Laptop,Chennai
1018,P1018,Electronics,18,5,1,1,Laptop,Pune
1019,P1019,Electronics,18,8,1,1,Tablet,Kolkata
1020,P1020,Electronics,11,9,0,0,Tablet,Chennai
1021,P1021,Beauty,19,9,1,1,Laptop,Pune
1022,P1022,Clothing,25,9,0,0,Tablet,Pune
1023,P1023,Beauty,12,7,0,0,Laptop,Delhi
1024,P1024,Electronics,1,2,0,0,Laptop,Chennai
1025,P1025,Electronics,7,5,0,0,Mobile,Delhi
1026,P1026,Beauty,18,10,1,1,Mobile,Bangalore
1027,P1027,Home,23,5,0,0,Mobile,Kolkata
1028,P1028,Clothing,3,3,1,0,Laptop,Chennai
1029,P1029,Home,22,2,0,0,Mobile,Chennai
1030,P1030,Beauty,4,7,0,0,Laptop,Delhi
1031,P1031,Home,5,4,1,0,Laptop,Bangalore
1032,P1032,Beauty,7,4,0,0,Laptop,Mumbai
1033,P1033,Home,25,5,1,1,Mobile,Hyderabad
1034,P1034,Home,20,2,0,0,Tablet,Chennai
1035,P1035,Home,2,10,1,0,Laptop,Kolkata
1036,P1036,Home,5,9,0,0,Mobile,Pune
1037,P1037,Clothing,18,2,0,0,Mobile,Chennai
1038,P1038,Beauty,7,8,0,0,Mobile,Chennai
1039,P1039,Clothing,4,1,1,0,Tablet,Mumbai
1040,P1040,Clothing,10,5,1,1,Tablet,Chennai
1041,P1041,Electronics,2,8,1,0,Laptop,Bangalore
1042,P1042,Clothing,16,6,1,1,Laptop,Delhi
1043,P1043,Electronics,12,2,1,0,Laptop,Delhi
1044,P1044,Electronics,4,10,0,0,Mobile,Delhi
1045,P1045,Electronics,5,10,0,0,Tablet,Hyderabad
1046,P1046,Electronics,23,1,0,0,Tablet,Bangalore
1047,P1047,Clothing,11,5,1,1,Mobile,Mumbai
1048,P1048,Clothing,11,6,1,1,Mobile,Hyderabad
1049,P1049,Electronics,14,1,1,0,Tablet,Bangalore
1050,P1050,Clothing,15,9,1,1,Tablet,Pune
1051,P1051,Home,21,7,0,0,Mobile,Mumbai
1052,P1052,Home,1,5,0,0,Tablet,Pune
1053,P1053,Electronics,10,6,1,1,Tablet,Bangalore
1054,P1054,Beauty,15,3,1,0,Laptop,Delhi
1055,P1055,Home,22,2,0,0,Laptop,Pune
1056,P1056,Home,5,8,1,0,Laptop,Delhi
1057,P1057,Electronics,17,4,0,0,Mobile,Bangalore
1058,P1058,Clothing,15,8,1,1,Tablet,Delhi
1059,P1059,Beauty,20,1,1,0,Tablet,Hyderabad
1060,P1060,Home,22,9,1,1,Laptop,Pune
1061,P1061,Electronics,12,6,0,0,Mobile,Hyderabad
1062,P1062,Electronics,14,9,0,0,Tablet,Hyderabad
1063,P1063,Home,4,3,1,0,Tablet,Chennai
1064,P1064,Clothing,5,2,1,0,Tablet,Chennai
1065,P1065,Beauty,14,5,0,0,Tablet,Hyderabad
1066,P1066,Home,7,1,1,0,Laptop,Chennai
1067,P1067,Beauty,11,2,1,0,Tablet,Hyderabad
1068,P1068,Electronics,24,4,0,0,Laptop,Hyderabad
1069,P1069,Home,5,4,0,0,Mobile,Delhi
1070,P1070,Home,9,2,0,0,Laptop,Delhi
1071,P1071,Clothing,15,3,1,0,Mobile,Mumbai
1072,P1072,Home,13,7,1,1,Laptop,Kolkata
1073,P1073,Beauty,16,7,0,0,Mobile,Bangalore
1074,P1074,Beauty,11,7,1,1,Tablet,Hyderabad
1075,P1075,Beauty,19,7,0,0,Laptop,Hyderabad
1076,P1076,Clothing,8,3,1,0,Laptop,Kolkata
1077,P1077,Beauty,2,8,1,0,Tablet,Pune
1078,P1078,Electronics,5,5,0,0,Tablet,Chennai
1079,P1079,Home,1,1,1,0,Mobile,Mumbai
1080,P1080,Electronics,7,5,0,0,Laptop,Pune
1081,P1081,Home,14,10,0,0,Laptop,Kolkata
1082,P1082,Clothing,2,8,0,0,Mobile,Chennai
1083,P1083,Clothing,7,1,1,0,Laptop,Delhi
1084,P1084,Clothing,4,2,0,0,Mobile,Mumbai
1085,P1085,Home,23,8,1,1,Mobile,Kolkata
1086,P1086,Electronics,22,10,0,0,Tablet,Pune
1087,P1087,Home,7,5,0,0,Laptop,Chennai
1088,P1088,Beauty,23,9,0,0,Mobile,Chennai
1089,P1089,Beauty,1,2,1,0,Tablet,Pune
1090,P1090,Beauty,4,4,1,0,Mobile,Kolkata
1091,P1091,Home,5,9,0,0,Tablet,Delhi
1092,P1092,Home,4,7,1,0,Mobile,Mumbai
1093,P1093,Home,23,2,0,0,Tablet,Kolkata
1094,P1094,Beauty,12,4,0,0,Mobile,Kolkata
1095,P1095,Electronics,19,4,1,1,Tablet,Chennai
1096,P1096,Electronics,23,6,0,0,Mobile,Chennai
1097,P1097,Home,17,10,0,0,Mobile,Mumbai
1098,P1098,Home,11,4,1,1,Laptop,Delhi
1099,P1099,Electronics,6,5,1,0,Laptop,Mumbai
1100,P1100,Beauty,24,6,0,0,Tablet,Bangalore
1101,P1101,Clothing,3,7,1,0,Mobile,Chennai
1102,P1102,Beauty,2,3,1,0,Mobile,Chennai
1103,P1103,Beauty,19,9,0,0,Tablet,Mumbai
1104,P1104,Beauty,10,1,1,0,Laptop,Chennai
1105,P1105,Home,14,6,0,0,Tablet,Hyderabad
1106,P1106,Home,18,3,1,0,Tablet,Chennai
1107,P1107,Home,8,6,1,0,Laptop,Kolkata
1108,P1108,Clothing,6,8,1,0,Tablet,Mumbai
1109,P1109,Beauty,4,9,0,0,Laptop,Delhi
1110,P1110,Clothing,2,3,1,0,Tablet,Kolkata
1111,P1111,Beauty,6,8,1,0,Mobile,Bangalore
1112,P1112,Electronics,2,7,1,0,Laptop,Delhi
1113,P1113,Home,7,9,1,0,Laptop,Pune
1114,P1114,Home,14,9,0,0,Laptop,Hyderabad
1115,P1115,Clothing,2,8,0,0,Tablet,Delhi
1116,P1116,Electronics,9,4,0,0,Laptop,Delhi
1117,P1117,Clothing,20,6,0,0,Mobile,Mumbai
1118,P1118,Electronics,10,7,1,1,Laptop,Delhi
1119,P1119,Home,25,4,0,0,Laptop,Delhi
1120,P1120,Home,18,4,1,1,Tablet,Bangalore
1121,P1121,Electronics,11,7,1,1,Laptop,Chennai
1122,P1122,Clothing,13,2,1,0,Mobile,Chennai
1123,P1123,Clothing,17,5,1,1,Laptop,Hyderabad
1124,P1124,Beauty,10,8,1,1,Laptop,Hyderabad
1125,P1125,Beauty,8,10,1,0,Tablet,Delhi
1126,P1126,Electronics,3,5,0,0,Laptop,Kolkata
1127,P1127,Electronics,6,10,0,0,Tablet,Chennai
1128,P1128,Electronics,6,1,0,0,Mobile,Hyderabad
1129,P1129,Electronics,3,5,0,0,Laptop,Hyderabad
1130,P1130,Clothing,21,9,1,1,Tablet,Bangalore
1131,P1131,Home,7,6,1,0,Tablet,Chennai
1132,P1132,Home,3,8,1,0,Mobile,Delhi
1133,P1133,Electronics,25,10,1,1,Laptop,Bangalore
1134,P1134,Home,20,9,1,1,Tablet,Pune
1135,P1135,Home,8,8,0,0,Laptop,Pune
1136,P1136,Clothing,11,7,1,1,Tablet,Mumbai
1137,P1137,Beauty,25,7,1,1,Tablet,Hyderabad
1138,P1138,Beauty,17,3,0,0,Tablet,Chennai
1139,P1139,Clothing,9,4,0,0,Laptop,Pune
1140,P1140,Home,12,1,0,0,Mobile,Kolkata
1141,P1141,Home,15,6,0,0,Mobile,Mumbai
1142,P1142,Home,19,4,0,0,Mobile,Pune
1143,P1143,Home,4,8,0,0,Laptop,Hyderabad
1144,P1144,Clothing,22,8,1,1,Tablet,Hyderabad
1145,P1145,Beauty,22,3,1,0,Tablet,Mumbai
1146,P1146,Beauty,3,5,1,0,Mobile,Bangalore
1147,P1147,Clothing,18,1,1,0,Laptop,Delhi
1148,P1148,Home,22,3,0,0,Tablet,Hyderabad
1149,P1149,Home,9,8,0,0,Mobile,Mumbai
1150,P1150,Clothing,4,5,0,0,Laptop,Bangalore
1151,P1151,Beauty,17,1,1,0,Laptop,Pune
1152,P1152,Home,1,7,0,0,Tablet,Pune
1153,P1153,Clothing,22,4,0,0,Mobile,Hyderabad
1154,P1154,Electronics,3,5,0,0,Mobile,Pune
1155,P1155,Electronics,19,3,0,0,Laptop,Hyderabad
1156,P1156,Beauty,10,1,0,0,Mobile,Pune
1157,P1157,Clothing,24,5,1,1,Tablet,Bangalore
1158,P1158,Clothing,9,10,1,1,Laptop,Hyderabad
1159,P1159,Electronics,5,10,1,0,Mobile,Bangalore
1160,P1160,Clothing,1,8,0,0,Tablet,Chennai
1161,P1161,Clothing,17,5,1,1,Tablet,Chennai
1162,P1162,Clothing,5,4,0,0,Mobile,Bangalore
1163,P1163,Home,8,3,0,0,Laptop,Kolkata
1164,P1164,Electronics,6,1,1,0,Mobile,Mumbai
1165,P1165,Home,11,8,1,1,Mobile,Kolkata
1166,P1166,Electronics,20,5,1,1,Tablet,Pune
1167,P1167,Clothing,1,7,0,0,Tablet,Bangalore
1168,P1168,Home,21,3,0,0,Tablet,Pune
1169,P1169,Clothing,16,1,0,0,Laptop,Hyderabad
1170,P1170,Clothing,13,5,1,1,Laptop,Hyderabad
1171,P1171,Beauty,4,8,1,0,Tablet,Delhi
1172,P1172,Electronics,5,10,0,0,Mobile,Hyderabad
1173,P1173,Beauty,24,3,1,0,Laptop,Bangalore
1174,P1174,Clothing,2,8,1,0,Laptop,Pune
1175,P1175,Beauty,20,6,0,0,Laptop,Hyderabad
1176,P1176,Beauty,20,3,1,0,Mobile,Kolkata
1177,P1177,Electronics,18,4,1,1,Tablet,Delhi
1178,P1178,Home,10,3,1,0,Mobile,Hyderabad
1179,P1179,Home,13,3,0,0,Mobile,Mumbai
1180,P1180,Electronics,22,2,1,0,Tablet,Mumbai
1181,P1181,Clothing,10,9,1,1,Laptop,Bangalore
1182,P1182,Electronics,23,1,0,0,Mobile,Bangalore
1183,P1183,Clothing,18,1,1,0,Tablet,Mumbai
1184,P1184,Electronics,24,3,1,0,Laptop,Delhi
1185,P1185,Electronics,20,3,0,0,Tablet,Bangalore
1186,P1186,Electronics,1,3,1,0,Laptop,Pune
1187,P1187,Electronics,18,7,1,1,Mobile,Delhi
1188,P1188,Clothing,4,6,0,0,Tablet,Delhi
1189,P1189,Electronics,10,5,1,1,Laptop,Delhi
1190,P1190,Home,4,4,0,0,Mobile,Chennai
1191,P1191,Beauty,19,3,1,0,Tablet,Kolkata
1192,P1192,Electronics,7,5,1,0,Mobile,Kolkata
1193,P1193,Home,18,9,1,1,Laptop,Mumbai
1194,P1194,Clothing,9,10,0,0,Mobile,Mumbai
1195,P1195,Clothing,14,1,0,0,Tablet,Delhi
1196,P1196,Electronics,1,5,0,0,Mobile,Kolkata
1197,P1197,Electronics,21,10,0,0,Mobile,Bangalore
1198,P1198,Beauty,20,5,0,0,Tablet,Bangalore
1199,P1199,Home,17,4,1,1,Mobile,Kolkata
1200,P1200,Electronics,11,10,0,0,Mobile,Kolkata
1201,P1201,Beauty,23,8,1,1,Mobile,Delhi
1202,P1202,Electronics,20,2,1,0,Tablet,Pune
1203,P1203,Clothing,15,6,1,1,Mobile,Chennai
1204,P1204,Beauty,24,1,0,0,Mobile,Bangalore
1205,P1205,Clothing,20,6,0,0,Tablet,Delhi
1206,P1206,Electronics,1,7,1,0,Mobile,Chennai
1207,P1207,Clothing,18,8,0,0,Tablet,Delhi
1208,P1208,Clothing,13,4,0,0,Laptop,Delhi
1209,P1209,Clothing,24,1,1,0,Tablet,Chennai
1210,P1210,Home,7,6,0,0,Tablet,Delhi
1211,P1211,Electronics,18,7,0,0,Laptop,Chennai
1212,P1212,Home,13,3,0,0,Laptop,Mumbai
1213,P1213,Electronics,1,10,1,0,Tablet,Mumbai
1214,P1214,Clothing,11,9,1,1,Tablet,Delhi
1215,P1215,Electronics,24,10,1,1,Mobile,Hyderabad
1216,P1216,Electronics,6,10,0,0,Tablet,Bangalore
1217,P1217,Electronics,1,10,1,0,Mobile,Bangalore
1218,P1218,Home,3,9,1,0,Laptop,Delhi
1219,P1219,Clothing,23,10,1,1,Laptop,Chennai
1220,P1220,Clothing,23,10,0,0,Laptop,Pune
1221,P1221,Beauty,15,5,0,0,Tablet,Delhi
1222,P1222,Home,18,3,0,0,Tablet,Hyderabad
1223,P1223,Home,24,10,0,0,Laptop,Bangalore
1224,P1224,Beauty,8,4,0,0,Laptop,Bangalore
1225,P1225,Electronics,2,5,0,0,Tablet,Delhi
1226,P1226,Electronics,13,3,1,0,Laptop,Chennai
1227,P1227,Beauty,4,2,1,0,Mobile,Kolkata
1228,P1228,Home,24,1,1,0,Laptop,Bangalore
1229,P1229,Beauty,7,2,1,0,Laptop,Hyderabad
1230,P1230,Clothing,18,1,0,0,Mobile,Mumbai
1231,P1231,Electronics,10,6,0,0,Mobile,Hyderabad
1232,P1232,Clothing,19,7,1,1,Laptop,Delhi
1233,P1233,Electronics,21,4,0,0,Mobile,Bangalore
1234,P1234,Beauty,5,5,0,0,Laptop,Hyderabad
1235,P1235,Electronics,9,6,1,1,Mobile,Mumbai
1236,P1236,Clothing,10,7,0,0,Tablet,Chennai
1237,P1237,Electronics,5,10,1,0,Mobile,Chennai
1238,P1238,Beauty,23,1,0,0,Tablet,Delhi
1239,P1239,Beauty,8,6,0,0,Mobile,Mumbai
1240,P1240,Beauty,8,5,1,0,Tablet,Hyderabad
1241,P1241,Clothing,10,4,0,0,Laptop,Kolkata
1242,P1242,Beauty,5,6,1,0,Laptop,Kolkata
1243,P1243,Electronics,13,10,0,0,Laptop,Delhi
1244,P1244,Home,11,2,1,0,Mobile,Delhi
1245,P1245,Clothing,19,4,1,1,Tablet,Hyderabad
1246,P1246,Electronics,7,8,0,0,Tablet,Pune
1247,P1247,Beauty,11,7,0,0,Tablet,Bangalore
1248,P1248,Electronics,25,6,0,0,Mobile,Hyderabad
1249,P1249,Beauty,15,8,0,0,Mobile,Delhi
1250,P1250,Clothing,6,10,0,0,Tablet,Mumbai
1251,P1251,Clothing,19,6,0,0,Laptop,Chennai
1252,P1252,Home,11,2,0,0,Laptop,Kolkata
1253,P1253,Home,14,8,1,1,Tablet,Kolkata
1254,P1254,Beauty,9,10,0,0,Tablet,Mumbai
1255,P1255,Home,23,4,0,0,Mobile,Hyderabad
1256,P1256,Beauty,6,1,0,0,Tablet,Delhi
1257,P1257,Electronics,25,6,1,1,Tablet,Bangalore
1258,P1258,Electronics,16,4,0,0,Mobile,Bangalore
1259,P1259,Electronics,9,10,0,0,Laptop,Bangalore
1260,P1260,Electronics,24,3,1,0,Mobile,Hyderabad
1261,P1261,Beauty,19,1,1,0,Tablet,Mumbai
1262,P1262,Home,2,1,0,0,Mobile,Chennai
1263,P1263,Clothing,2,9,1,0,Laptop,Hyderabad
1264,P1264,Clothing,1,9,1,0,Mobile,Hyderabad
1265,P1265,Electronics,8,10,0,0,Laptop,Hyderabad
1266,P1266,Home,17,5,0,0,Tablet,Pune
1267,P1267,Home,21,7,0,0,Tablet,Hyderabad
1268,P1268,Clothing,10,3,1,0,Mobile,Delhi
1269,P1269,Home,16,3,0,0,Mobile,Delhi
1270,P1270,Home,13,8,0,0,Mobile,Pune
1271,P1271,Home,1,5,1,0,Laptop,Pune
1272,P1272,Electronics,9,1,1,0,Mobile,Kolkata
1273,P1273,Electronics,2,3,1,0,Laptop,Chennai
1274,P1274,Clothing,10,5,0,0,Mobile,Kolkata
1275,P1275,Clothing,23,8,0,0,Mobile,Hyderabad
1276,P1276,Electronics,7,10,0,0,Tablet,Bangalore
1277,P1277,Home,13,5,0,0,Laptop,Pune
1278,P1278,Home,22,6,0,0,Laptop,Pune
1279,P1279,Home,5,9,1,0,Mobile,Mumbai
1280,P1280,Home,24,5,0,0,Mobile,Delhi
1281,P1281,Home,21,4,1,1,Tablet,Pune
1282,P1282,Beauty,6,4,1,0,Tablet,Mumbai
1283,P1283,Clothing,3,1,0,0,Laptop,Delhi
1284,P1284,Home,6,4,1,0,Tablet,Hyderabad
1285,P1285,Beauty,22,2,0,0,Laptop,Hyderabad
1286,P1286,Home,12,7,1,1,Mobile,Hyderabad
1287,P1287,Clothing,17,4,1,1,Tablet,Chennai
1288,P1288,Home,8,3,0,0,Tablet,Kolkata
1289,P1289,Clothing,16,6,0,0,Laptop,Bangalore
1290,P1290,Clothing,17,7,0,0,Laptop,Bangalore
1291,P1291,Clothing,13,6,0,0,Tablet,Delhi
1292,P1292,Home,3,7,0,0,Laptop,Pune
1293,P1293,Clothing,14,3,1,0,Tablet,Mumbai
1294,P1294,Electronics,8,6,0,0,Tablet,Delhi
1295,P1295,Home,24,4,0,0,Tablet,Delhi
1296,P1296,Beauty,10,7,1,1,Laptop,Chennai
1297,P1297,Clothing,20,8,0,0,Laptop,Delhi
1298,P1298,Beauty,16,2,1,0,Tablet,Kolkata
1299,P1299,Beauty,10,6,1,1,Tablet,Mumbai
1300,P1300,Beauty,22,7,1,1,Mobile,Kolkata
1301,P1301,Home,25,5,1,1,Mobile,Bangalore
1302,P1302,Beauty,11,3,0,0,Mobile,Bangalore
1303,P1303,Home,2,6,1,0,Laptop,Chennai
1304,P1304,Home,15,10,1,1,Tablet,Kolkata
1305,P1305,Electronics,22,9,1,1,Mobile,Kolkata
1306,P1306,Home,11,7,1,1,Laptop,Mumbai
1307,P1307,Electronics,11,2,1,0,Mobile,Mumbai
1308,P1308,Electronics,20,5,1,1,Mobile,Hyderabad
1309,P1309,Electronics,16,7,0,0,Mobile,Kolkata
1310,P1310,Clothing,17,2,0,0,Laptop,Delhi
1311,P1311,Home,5,8,0,0,Laptop,Pune
1312,P1312,Beauty,14,1,1,0,Tablet,Mumbai
1313,P1313,Clothing,10,10,1,1,Tablet,Pune
1314,P1314,Home,9,6,1,1,Laptop,Mumbai
1315,P1315,Electronics,22,9,0,0,Mobile,Bangalore
1316,P1316,Home,9,1,1,0,Tablet,Bangalore
1317,P1317,Clothing,4,3,0,0,Tablet,Bangalore
1318,P1318,Electronics,3,8,0,0,Mobile,Delhi
1319,P1319,Home,5,6,1,0,Tablet,Chennai
1320,P1320,Beauty,13,2,1,0,Mobile,Chennai
1321,P1321,Beauty,4,7,1,0,Tablet,Bangalore
1322,P1322,Electronics,19,6,1,1,Tablet,Bangalore
1323,P1323,Electronics,3,3,0,0,Tablet,Hyderabad
1324,P1324,Beauty,24,6,0,0,Laptop,Kolkata
1325,P1325,Home,18,7,1,1,Mobile,Pune
1326,P1326,Beauty,10,8,1,1,Mobile,Pune
1327,P1327,Clothing,4,1,0,0,Laptop,Mumbai
1328,P1328,Electronics,18,4,0,0,Mobile,Hyderabad
1329,P1329,Electronics,5,7,1,0,Laptop,Hyderabad
1330,P1330,Home,21,2,1,0,Mobile,Kolkata
1331,P1331,Home,4,5,1,0,Laptop,Delhi
1332,P1332,Home,4,7,0,0,Tablet,Chennai
1333,P1333,Clothing,14,3,1,0,Laptop,Pune
1334,P1334,Clothing,24,2,1,0,Laptop,Pune
1335,P1335,Home,14,10,0,0,Mobile,Delhi
1336,P1336,Clothing,15,3,0,0,Laptop,Pune
1337,P1337,Beauty,22,2,1,0,Mobile,Kolkata
1338,P1338,Clothing,6,4,0,0,Mobile,Pune
1339,P1339,Home,3,9,0,0,Mobile,Pune
1340,P1340,Home,4,6,0,0,Tablet,Chennai
1341,P1341,Home,5,1,0,0,Tablet,Pune
1342,P1342,Beauty,25,7,1,1,Tablet,Delhi
1343,P1343,Home,21,7,1,1,Mobile,Delhi
1344,P1344,Home,14,9,0,0,Tablet,Pune
1345,P1345,Clothing,18,3,1,0,Laptop,Pune
1346,P1346,Home,3,5,0,0,Mobile,Chennai
1347,P1347,Electronics,21,7,1,1,Tablet,Mumbai
1348,P1348,Electronics,24,9,0,0,Tablet,Bangalore
1349,P1349,Home,4,7,1,0,Tablet,Bangalore
1350,P1350,Clothing,23,4,0,0,Laptop,Chennai
1351,P1351,Home,7,3,0,0,Laptop,Pune
1352,P1352,Clothing,17,5,0,0,Mobile,Mumbai
1353,P1353,Home,6,2,0,0,Mobile,Mumbai
1354,P1354,Home,11,10,1,1,Laptop,Chennai
1355,P1355,Home,25,5,0,0,Mobile,Bangalore
1356,P1356,Clothing,14,10,0,0,Tablet,Delhi
1357,P1357,Beauty,4,7,1,0,Tablet,Mumbai
1358,P1358,Clothing,17,5,0,0,Mobile,Bangalore
1359,P1359,Home,8,5,0,0,Laptop,Bangalore
1360,P1360,Electronics,5,1,1,0,Laptop,Mumbai
1361,P1361,Home,22,5,1,1,Laptop,Delhi
1362,P1362,Electronics,19,1,0,0,Mobile,Delhi
1363,P1363,Electronics,5,3,1,0,Tablet,Chennai
1364,P1364,Clothing,18,2,0,0,Tablet,Hyderabad
1365,P1365,Clothing,20,6,1,1,Laptop,Kolkata
1366,P1366,Home,21,5,0,0,Tablet,Delhi
1367,P1367,Home,12,1,0,0,Tablet,Bangalore
1368,P1368,Electronics,7,4,0,0,Laptop,Pune
1369,P1369,Home,24,9,0,0,Laptop,Delhi
1370,P1370,Electronics,13,4,0,0,Laptop,Bangalore
1371,P1371,Beauty,10,8,0,0,Laptop,Hyderabad
1372,P1372,Beauty,12,8,0,0,Mobile,Pune
1373,P1373,Beauty,23,9,0,0,Mobile,Chennai
1374,P1374,Clothing,7,6,0,0,Laptop,Delhi
1375,P1375,Electronics,12,10,1,1,Laptop,Pune
1376,P1376,Beauty,9,5,1,1,Tablet,Mumbai
1377,P1377,Home,10,3,1,0,Mobile,Bangalore
1378,P1378,Clothing,21,9,1,1,Mobile,Chennai
1379,P1379,Clothing,9,10,1,1,Mobile,Chennai
1380,P1380,Electronics,2,2,1,0,Tablet,Hyderabad
1381,P1381,Clothing,6,6,0,0,Tablet,Pune
1382,P1382,Electronics,8,9,0,0,Tablet,Bangalore
1383,P1383,Beauty,8,3,1,0,Tablet,Hyderabad
1384,P1384,Home,16,10,1,1,Tablet,Pune
1385,P1385,Clothing,24,9,0,0,Mobile,Kolkata
1386,P1386,Electronics,6,6,1,0,Laptop,Mumbai
1387,P1387,Electronics,25,5,1,1,Mobile,Delhi
1388,P1388,Home,11,7,0,0,Mobile,Hyderabad
1389,P1389,Home,20,7,0,0,Tablet,Chennai
1390,P1390,Home,14,4,1,1,Tablet,Chennai
1391,P1391,Home,21,4,1,1,Laptop,Bangalore
1392,P1392,Beauty,23,5,1,1,Laptop,Pune
1393,P1393,Beauty,1,4,1,0,Mobile,Bangalore
1394,P1394,Clothing,23,6,1,1,Mobile,Mumbai
1395,P1395,Electronics,6,2,1,0,Tablet,Delhi
1396,P1396,Electronics,20,6,0,0,Tablet,Bangalore
1397,P1397,Beauty,1,4,0,0,Mobile,Bangalore
1398,P1398,Beauty,14,7,1,1,Tablet,Pune
1399,P1399,Electronics,25,7,0,0,Mobile,Pune
1400,P1400,Home,6,8,1,0,Mobile,Mumbai
1401,P1401,Beauty,20,7,0,0,Tablet,Pune
1402,P1402,Clothing,19,7,1,1,Laptop,Pune
1403,P1403,Beauty,17,8,0,0,Tablet,Mumbai
1404,P1404,Beauty,18,4,1,1,Mobile,Chennai
1405,P1405,Electronics,7,7,1,0,Mobile,Hyderabad
1406,P1406,Home,8,10,1,0,Laptop,Kolkata
1407,P1407,Beauty,5,10,0,0,Tablet,Mumbai
1408,P1408,Clothing,13,3,1,0,Mobile,Chennai
1409,P1409,Beauty,1,1,0,0,Mobile,Mumbai
1410,P1410,Home,24,9,0,0,Tablet,Kolkata
1411,P1411,Beauty,4,3,1,0,Laptop,Pune
1412,P1412,Beauty,25,9,1,1,Mobile,Pune
1413,P1413,Beauty,11,9,0,0,Mobile,Kolkata
1414,P1414,Beauty,19,7,0,0,Tablet,Pune
1415,P1415,Home,7,7,1,0,Mobile,Kolkata
1416,P1416,Clothing,5,6,1,0,Laptop,Bangalore
1417,P1417,Electronics,1,5,1,0,Tablet,Pune
1418,P1418,Beauty,19,2,1,0,Tablet,Delhi
1419,P1419,Electronics,5,9,1,0,Tablet,Bangalore
1420,P1420,Beauty,4,3,0,0,Mobile,Mumbai
1421,P1421,Beauty,6,2,1,0,Mobile,Bangalore
1422,P1422,Beauty,8,8,1,0,Mobile,Hyderabad
1423,P1423,Home,15,2,0,0,Tablet,Hyderabad
1424,P1424,Clothing,23,2,0,0,Mobile,Bangalore
1425,P1425,Home,8,5,0,0,Laptop,Chennai
1426,P1426,Clothing,24,3,1,0,Mobile,Mumbai
1427,P1427,Electronics,2,7,1,0,Laptop,Mumbai
1428,P1428,Electronics,12,3,1,0,Mobile,Bangalore
1429,P1429,Electronics,2,4,1,0,Laptop,Chennai
1430,P1430,Beauty,24,4,0,0,Laptop,Hyderabad
1431,P1431,Clothing,14,1,0,0,Tablet,Mumbai
1432,P1432,Home,25,10,0,0,Laptop,Hyderabad
1433,P1433,Clothing,17,4,0,0,Mobile,Delhi
1434,P1434,Beauty,5,4,1,0,Mobile,Bangalore
1435,P1435,Beauty,9,2,0,0,Laptop,Delhi
1436,P1436,Home,25,1,0,0,Tablet,Kolkata
1437,P1437,Electronics,16,9,0,0,Tablet,Pune
1438,P1438,Home,24,10,0,0,Laptop,Pune
1439,P1439,Home,11,9,0,0,Laptop,Pune
1440,P1440,Home,19,4,0,0,Laptop,Kolkata
1441,P1441,Clothing,25,3,1,0,Mobile,Bangalore
1442,P1442,Home,17,9,1,1,Mobile,Hyderabad
1443,P1443,Beauty,2,2,1,0,Laptop,Bangalore
1444,P1444,Electronics,9,6,0,0,Tablet,Delhi
1445,P1445,Home,12,4,1,1,Mobile,Kolkata
1446,P1446,Electronics,15,3,0,0,Mobile,Mumbai
1447,P1447,Home,5,3,1,0,Laptop,Hyderabad
1448,P1448,Beauty,12,5,0,0,Tablet,Delhi
1449,P1449,Home,18,5,1,1,Laptop,Delhi
1450,P1450,Beauty,3,9,0,0,Mobile,Mumbai
1451,P1451,Clothing,3,2,0,0,Laptop,Pune
1452,P1452,Home,19,4,1,1,Mobile,Chennai
1453,P1453,Home,14,3,0,0,Laptop,Chennai
1454,P1454,Electronics,22,7,1,1,Tablet,Hyderabad
1455,P1455,Home,21,10,1,1,Laptop,Chennai
1456,P1456,Home,12,6,0,0,Mobile,Bangalore
1457,P1457,Home,22,8,1,1,Laptop,Hyderabad
1458,P1458,Beauty,2,7,1,0,Tablet,Bangalore
1459,P1459,Beauty,5,4,1,0,Laptop,Kolkata
1460,P1460,Beauty,12,10,1,1,Laptop,Chennai
1461,P1461,Beauty,9,6,1,1,Tablet,Delhi
1462,P1462,Home,8,5,1,0,Mobile,Bangalore
1463,P1463,Clothing,7,1,1,0,Mobile,Mumbai
1464,P1464,Home,3,3,0,0,Mobile,Chennai
1465,P1465,Beauty,19,5,0,0,Laptop,Pune
1466,P1466,Home,8,10,0,0,Mobile,Hyderabad
1467,P1467,Electronics,3,5,0,0,Mobile,Hyderabad
1468,P1468,Beauty,4,6,0,0,Laptop,Delhi
1469,P1469,Home,5,9,1,0,Tablet,Mumbai
1470,P1470,Clothing,17,4,1,1,Mobile,Delhi
1471,P1471,Clothing,19,4,1,1,Mobile,Hyderabad
1472,P1472,Clothing,9,4,1,1,Tablet,Kolkata
1473,P1473,Beauty,21,9,0,0,Tablet,Chennai
1474,P1474,Home,7,10,0,0,Mobile,Bangalore
1475,P1475,Clothing,16,9,1,1,Mobile,Kolkata
1476,P1476,Beauty,14,1,1,0,Tablet,Bangalore
1477,P1477,Beauty,13,1,1,0,Tablet,Kolkata
1478,P1478,Home,9,2,0,0,Mobile,Bangalore
1479,P1479,Beauty,1,1,1,0,Tablet,Chennai
1480,P1480,Home,4,5,1,0,Tablet,Hyderabad
1481,P1481,Clothing,10,7,0,0,Mobile,Hyderabad
1482,P1482,Clothing,1,8,1,0,Tablet,Delhi
1483,P1483,Clothing,7,3,0,0,Tablet,Pune
1484,P1484,Clothing,14,7,1,1,Mobile,Delhi
1485,P1485,Electronics,12,10,0,0,Tablet,Pune
1486,P1486,Clothing,11,6,0,0,Laptop,Delhi
1487,P1487,Beauty,11,3,0,0,Laptop,Hyderabad
1488,P1488,Beauty,24,7,1,1,Mobile,Pune
1489,P1489,Clothing,23,6,0,0,Mobile,Mumbai
1490,P1490,Clothing,11,6,1,1,Mobile,Bangalore
1491,P1491,Beauty,8,6,1,0,Mobile,Bangalore
1492,P1492,Clothing,21,4,1,1,Mobile,Pune
1493,P1493,Electronics,17,10,0,0,Laptop,Bangalore
1494,P1494,Beauty,20,1,0,0,Tablet,Chennai
1495,P1495,Electronics,13,3,0,0,Tablet,Bangalore
1496,P1496,Clothing,6,3,0,0,Tablet,Kolkata
1497,P1497,Home,5,2,0,0,Mobile,Hyderabad
1498,P1498,Beauty,16,10,0,0,Mobile,Chennai
1499,P1499,Beauty,15,6,1,1,Mobile,Hyderabad
1500,P1500,Electronics,6,8,0,0,Laptop,Chennai
1501,P1501,Beauty,22,1,1,0,Tablet,Pune
1502,P1502,Beauty,5,6,1,0,Laptop,Pune
1503,P1503,Home,12,1,0,0,Mobile,Kolkata
1504,P1504,Beauty,20,6,0,0,Tablet,Pune
1505,P1505,Electronics,21,10,1,1,Tablet,Delhi
1506,P1506,Electronics,8,4,1,0,Laptop,Hyderabad
1507,P1507,Home,15,1,0,0,Tablet,Hyderabad
1508,P1508,Electronics,15,6,0,0,Laptop,Delhi
1509,P1509,Clothing,17,8,0,0,Laptop,Mumbai
1510,P1510,Beauty,7,3,1,0,Tablet,Bangalore
1511,P1511,Beauty,16,9,1,1,Tablet,Hyderabad
1512,P1512,Home,13,5,1,1,Laptop,Bangalore
1513,P1513,Clothing,23,5,0,0,Laptop,Mumbai
1514,P1514,Clothing,10,7,1,1,Tablet,Mumbai
1515,P1515,Clothing,7,2,1,0,Mobile,Kolkata
1516,P1516,Clothing,22,3,0,0,Laptop,Mumbai
1517,P1517,Beauty,13,5,0,0,Tablet,Chennai
1518,P1518,Beauty,8,9,1,0,Mobile,Bangalore
1519,P1519,Beauty,2,9,0,0,Laptop,Kolkata
1520,P1520,Beauty,3,10,1,0,Mobile,Bangalore
1521,P1521,Electronics,17,2,1,0,Laptop,Bangalore
1522,P1522,Clothing,11,3,1,0,Laptop,Pune
1523,P1523,Clothing,12,2,1,0,Tablet,Chennai
1524,P1524,Beauty,18,5,0,0,Mobile,Delhi
1525,P1525,Electronics,18,8,1,1,Tablet,Delhi
1526,P1526,Home,17,7,0,0,Laptop,Pune
1527,P1527,Electronics,24,8,1,1,Laptop,Bangalore
1528,P1528,Electronics,18,3,1,0,Mobile,Mumbai
1529,P1529,Electronics,9,10,1,1,Mobile,Delhi
1530,P1530,Clothing,15,4,0,0,Laptop,Chennai
1531,P1531,Home,11,10,1,1,Tablet,Delhi
1532,P1532,Beauty,8,8,1,0,Mobile,Bangalore
1533,P1533,Electronics,24,8,0,0,Mobile,Kolkata
1534,P1534,Clothing,8,2,0,0,Laptop,Mumbai
1535,P1535,Clothing,8,2,0,0,Laptop,Mumbai
1536,P1536,Beauty,17,3,0,0,Laptop,Chennai
1537,P1537,Home,13,5,1,1,Laptop,Hyderabad
1538,P1538,Home,6,4,1,0,Mobile,Hyderabad
1539,P1539,Electronics,23,2,0,0,Tablet,Hyderabad
1540,P1540,Home,10,10,0,0,Tablet,Chennai
1541,P1541,Beauty,17,10,0,0,Tablet,Hyderabad
1542,P1542,Clothing,6,4,0,0,Tablet,Mumbai
1543,P1543,Beauty,20,4,0,0,Laptop,Hyderabad
1544,P1544,Electronics,3,2,1,0,Tablet,Chennai
1545,P1545,Electronics,17,7,0,0,Tablet,Delhi
1546,P1546,Electronics,6,4,0,0,Mobile,Mumbai
1547,P1547,Clothing,23,2,0,0,Laptop,Hyderabad
1548,P1548,Home,3,10,1,0,Laptop,Pune
1549,P1549,Clothing,12,2,1,0,Tablet,Pune
1550,P1550,Home,24,8,0,0,Mobile,Chennai
1551,P1551,Clothing,13,7,1,1,Tablet,Bangalore
1552,P1552,Home,12,1,1,0,Laptop,Hyderabad
1553,P1553,Clothing,5,1,1,0,Mobile,Hyderabad
1554,P1554,Clothing,14,10,1,1,Tablet,Chennai
1555,P1555,Clothing,22,1,1,0,Laptop,Kolkata
1556,P1556,Beauty,4,10,0,0,Mobile,Pune
1557,P1557,Electronics,15,8,1,1,Tablet,Delhi
1558,P1558,Beauty,21,6,1,1,Mobile,Hyderabad
1559,P1559,Clothing,14,10,1,1,Mobile,Mumbai
1560,P1560,Beauty,2,4,0,0,Laptop,Pune
1561,P1561,Electronics,7,10,1,0,Mobile,Bangalore
1562,P1562,Clothing,4,5,1,0,Laptop,Kolkata
1563,P1563,Beauty,7,3,0,0,Laptop,Mumbai
1564,P1564,Home,19,10,0,0,Mobile,Mumbai
1565,P1565,Beauty,11,8,0,0,Tablet,Bangalore
1566,P1566,Home,8,8,0,0,Laptop,Bangalore
1567,P1567,Electronics,15,4,0,0,Mobile,Mumbai
1568,P1568,Beauty,20,9,0,0,Laptop,Chennai
1569,P1569,Beauty,5,5,0,0,Laptop,Delhi
1570,P1570,Beauty,2,7,0,0,Tablet,Pune
1571,P1571,Electronics,11,3,1,0,Laptop,Delhi
1572,P1572,Beauty,1,4,1,0,Mobile,Hyderabad
1573,P1573,Beauty,3,2,1,0,Tablet,Bangalore
1574,P1574,Electronics,10,7,1,1,Tablet,Kolkata
1575,P1575,Clothing,6,5,0,0,Tablet,Chennai
1576,P1576,Beauty,8,5,1,0,Tablet,Chennai
1577,P1577,Clothing,6,2,1,0,Laptop,Hyderabad
1578,P1578,Clothing,19,3,1,0,Tablet,Kolkata
1579,P1579,Home,1,8,0,0,Tablet,Hyderabad
1580,P1580,Clothing,7,8,0,0,Laptop,Kolkata
1581,P1581,Home,17,4,0,0,Mobile,Hyderabad
1582,P1582,Electronics,11,4,1,1,Laptop,Bangalore
1583,P1583,Clothing,10,10,1,1,Tablet,Delhi
1584,P1584,Clothing,22,8,1,1,Mobile,Hyderabad
1585,P1585,Electronics,5,5,0,0,Mobile,Pune
1586,P1586,Beauty,25,4,0,0,Tablet,Mumbai
1587,P1587,Clothing,3,7,1,0,Tablet,Mumbai
1588,P1588,Home,8,9,0,0,Laptop,Hyderabad
1589,P1589,Clothing,12,2,1,0,Tablet,Bangalore
1590,P1590,Home,23,9,1,1,Tablet,Kolkata
1591,P1591,Beauty,17,1,1,0,Mobile,Delhi
1592,P1592,Clothing,25,5,1,1,Mobile,Chennai
1593,P1593,Clothing,2,6,1,0,Mobile,Kolkata
1594,P1594,Home,6,5,1,0,Tablet,Hyderabad
1595,P1595,Beauty,2,2,0,0,Mobile,Bangalore
1596,P1596,Clothing,12,6,1,1,Tablet,Pune
1597,P1597,Beauty,8,10,0,0,Mobile,Kolkata
1598,P1598,Clothing,12,6,1,1,Laptop,Kolkata
1599,P1599,Clothing,20,6,0,0,Laptop,Mumbai
1600,P1600,Electronics,8,7,0,0,Tablet,Hyderabad
1601,P1601,Electronics,4,3,1,0,Mobile,Delhi
1602,P1602,Electronics,23,10,1,1,Laptop,Hyderabad
1603,P1603,Electronics,6,5,1,0,Mobile,Pune
1604,P1604,Beauty,16,2,0,0,Mobile,Bangalore
1605,P1605,Beauty,20,5,1,1,Tablet,Chennai
1606,P1606,Electronics,11,5,0,0,Laptop,Pune
1607,P1607,Clothing,18,10,1,1,Laptop,Pune
1608,P1608,Clothing,6,6,0,0,Mobile,Pune
1609,P1609,Beauty,22,3,0,0,Mobile,Mumbai
1610,P1610,Beauty,23,6,0,0,Laptop,Chennai
1611,P1611,Electronics,13,7,1,1,Tablet,Mumbai
1612,P1612,Clothing,25,6,1,1,Tablet,Pune
1613,P1613,Electronics,7,2,1,0,Tablet,Pune
1614,P1614,Beauty,19,6,0,0,Mobile,Mumbai
1615,P1615,Beauty,25,10,0,0,Laptop,Mumbai
1616,P1616,Beauty,24,6,1,1,Laptop,Pune
1617,P1617,Clothing,21,10,1,1,Mobile,Hyderabad
1618,P1618,Beauty,17,9,1,1,Mobile,Hyderabad
1619,P1619,Electronics,14,5,0,0,Laptop,Mumbai
1620,P1620,Beauty,20,10,0,0,Tablet,Hyderabad
1621,P1621,Home,22,6,1,1,Mobile,Chennai
1622,P1622,Clothing,9,9,1,1,Tablet,Mumbai
1623,P1623,Beauty,4,1,1,0,Tablet,Kolkata
1624,P1624,Clothing,20,6,0,0,Mobile,Hyderabad
1625,P1625,Electronics,13,1,0,0,Tablet,Chennai
1626,P1626,Clothing,20,2,0,0,Tablet,Bangalore
1627,P1627,Clothing,19,2,0,0,Laptop,Kolkata
1628,P1628,Home,19,10,1,1,Tablet,Kolkata
1629,P1629,Beauty,19,7,0,0,Tablet,Bangalore
1630,P1630,Home,13,7,0,0,Laptop,Mumbai
1631,P1631,Beauty,22,6,0,0,Laptop,Chennai
1632,P1632,Electronics,4,8,1,0,Mobile,Chennai
1633,P1633,Electronics,23,6,1,1,Mobile,Hyderabad
1634,P1634,Home,7,3,0,0,Tablet,Kolkata
1635,P1635,Electronics,12,9,0,0,Laptop,Delhi
1636,P1636,Clothing,14,6,1,1,Mobile,Pune
1637,P1637,Electronics,24,8,1,1,Mobile,Hyderabad
1638,P1638,Home,6,7,1,0,Tablet,Kolkata
1639,P1639,Electronics,20,9,1,1,Tablet,Pune
1640,P1640,Electronics,6,2,1,0,Tablet,Bangalore
1641,P1641,Home,10,6,0,0,Laptop,Delhi
1642,P1642,Electronics,17,10,1,1,Laptop,Bangalore
1643,P1643,Electronics,24,10,1,1,Tablet,Mumbai
1644,P1644,Clothing,18,4,1,1,Tablet,Hyderabad
1645,P1645,Electronics,3,2,0,0,Tablet,Pune
1646,P1646,Electronics,21,8,1,1,Tablet,Hyderabad
1647,P1647,Electronics,1,6,1,0,Laptop,Pune
1648,P1648,Clothing,15,4,0,0,Laptop,Mumbai
1649,P1649,Clothing,19,5,1,1,Laptop,Bangalore
1650,P1650,Home,4,1,0,0,Mobile,Kolkata
1651,P1651,Home,25,5,0,0,Tablet,Pune
1652,P1652,Home,21,8,0,0,Mobile,Bangalore
1653,P1653,Clothing,5,6,1,0,Tablet,Chennai
1654,P1654,Electronics,17,10,0,0,Laptop,Bangalore
1655,P1655,Clothing,24,10,0,0,Tablet,Mumbai
1656,P1656,Electronics,14,4,1,1,Mobile,Pune
1657,P1657,Home,15,2,1,0,Tablet,Chennai
1658,P1658,Home,2,5,1,0,Mobile,Hyderabad
1659,P1659,Clothing,24,7,0,0,Mobile,Mumbai
1660,P1660,Electronics,2,5,1,0,Laptop,Chennai
1661,P1661,Home,5,4,0,0,Tablet,Hyderabad
1662,P1662,Clothing,11,4,1,1,Laptop,Mumbai
1663,P1663,Beauty,7,1,1,0,Laptop,Pune
1664,P1664,Clothing,15,8,0,0,Mobile,Chennai
1665,P1665,Electronics,18,3,0,0,Tablet,Pune
1666,P1666,Beauty,25,9,0,0,Tablet,Delhi
1667,P1667,Beauty,9,7,1,1,Mobile,Bangalore
1668,P1668,Beauty,8,4,1,0,Mobile,Hyderabad
1669,P1669,Electronics,1,1,1,0,Tablet,Chennai
1670,P1670,Home,14,4,0,0,Tablet,Hyderabad
1671,P1671,Clothing,13,7,1,1,Laptop,Bangalore
1672,P1672,Beauty,22,1,0,0,Tablet,Chennai
1673,P1673,Home,18,4,0,0,Mobile,Hyderabad
1674,P1674,Beauty,10,10,0,0,Tablet,Pune
1675,P1675,Clothing,13,10,1,1,Mobile,Bangalore
1676,P1676,Home,4,9,1,0,Tablet,Kolkata
1677,P1677,Beauty,23,8,1,1,Laptop,Pune
1678,P1678,Home,2,1,0,0,Mobile,Delhi
1679,P1679,Electronics,2,8,0,0,Laptop,Kolkata
1680,P1680,Electronics,10,3,1,0,Tablet,Kolkata
1681,P1681,Electronics,3,6,0,0,Mobile,Pune
1682,P1682,Electronics,15,3,0,0,Tablet,Mumbai
1683,P1683,Home,5,7,0,0,Tablet,Chennai
1684,P1684,Beauty,23,2,1,0,Tablet,Kolkata
1685,P1685,Clothing,18,2,1,0,Tablet,Kolkata
1686,P1686,Home,15,7,1,1,Laptop,Hyderabad
1687,P1687,Clothing,15,4,0,0,Mobile,Delhi
1688,P1688,Electronics,17,5,1,1,Tablet,Pune
1689,P1689,Clothing,15,3,0,0,Tablet,Mumbai
1690,P1690,Beauty,18,4,0,0,Laptop,Hyderabad
1691,P1691,Clothing,15,5,1,1,Tablet,Mumbai
1692,P1692,Clothing,14,5,1,1,Tablet,Bangalore
1693,P1693,Home,8,5,1,0,Laptop,Hyderabad
1694,P1694,Electronics,16,6,1,1,Tablet,Kolkata
1695,P1695,Electronics,20,1,1,0,Mobile,Chennai
1696,P1696,Clothing,2,7,0,0,Laptop,Pune
1697,P1697,Electronics,9,4,0,0,Laptop,Delhi
1698,P1698,Home,23,8,1,1,Laptop,Hyderabad
1699,P1699,Electronics,17,3,1,0,Laptop,Bangalore
1700,P1700,Beauty,16,6,0,0,Mobile,Mumbai
1701,P1701,Home,2,2,0,0,Laptop,Delhi
1702,P1702,Clothing,17,6,1,1,Tablet,Pune
1703,P1703,Beauty,19,4,1,1,Mobile,Bangalore
1704,P1704,Electronics,22,2,1,0,Mobile,Delhi
1705,P1705,Electronics,4,6,0,0,Tablet,Bangalore
1706,P1706,Clothing,21,8,1,1,Tablet,Delhi
1707,P1707,Clothing,8,4,0,0,Laptop,Hyderabad
1708,P1708,Clothing,17,3,0,0,Tablet,Delhi
1709,P1709,Home,6,8,1,0,Tablet,Delhi
1710,P1710,Electronics,4,6,1,0,Laptop,Chennai
1711,P1711,Clothing,19,5,0,0,Mobile,Bangalore
1712,P1712,Clothing,2,7,0,0,Laptop,Mumbai
1713,P1713,Home,18,7,0,0,Mobile,Kolkata
1714,P1714,Beauty,1,2,1,0,Tablet,Chennai
1715,P1715,Beauty,10,5,1,1,Mobile,Bangalore
1716,P1716,Beauty,21,8,0,0,Tablet,Hyderabad
1717,P1717,Beauty,23,5,0,0,Tablet,Bangalore
1718,P1718,Clothing,19,4,0,0,Mobile,Hyderabad
1719,P1719,Home,17,10,1,1,Mobile,Hyderabad
1720,P1720,Clothing,4,4,1,0,Tablet,Mumbai
1721,P1721,Electronics,18,6,0,0,Mobile,Mumbai
1722,P1722,Clothing,20,5,0,0,Tablet,Hyderabad
1723,P1723,Clothing,11,6,1,1,Tablet,Mumbai
1724,P1724,Home,20,6,1,1,Mobile,Hyderabad
1725,P1725,Beauty,5,6,1,0,Laptop,Mumbai
1726,P1726,Beauty,3,2,0,0,Tablet,Pune
1727,P1727,Home,24,10,1,1,Mobile,Hyderabad
1728,P1728,Electronics,9,10,1,1,Laptop,Mumbai
1729,P1729,Beauty,22,4,0,0,Mobile,Hyderabad
1730,P1730,Home,5,9,1,0,Tablet,Kolkata
1731,P1731,Beauty,9,2,1,0,Tablet,Mumbai
1732,P1732,Electronics,13,8,0,0,Tablet,Bangalore
1733,P1733,Home,10,5,1,1,Mobile,Mumbai
1734,P1734,Beauty,4,7,1,0,Mobile,Pune
1735,P1735,Home,8,2,1,0,Mobile,Mumbai
1736,P1736,Beauty,12,9,0,0,Tablet,Mumbai
1737,P1737,Clothing,24,1,1,0,Mobile,Kolkata
1738,P1738,Beauty,20,4,1,1,Laptop,Chennai
1739,P1739,Electronics,23,3,0,0,Tablet,Hyderabad
1740,P1740,Clothing,20,7,0,0,Tablet,Bangalore
1741,P1741,Beauty,24,9,1,1,Tablet,Mumbai
1742,P1742,Beauty,6,4,0,0,Laptop,Kolkata
1743,P1743,Beauty,11,7,0,0,Mobile,Kolkata
1744,P1744,Home,4,8,0,0,Laptop,Bangalore
1745,P1745,Home,2,8,0,0,Tablet,Delhi
1746,P1746,Beauty,2,6,0,0,Mobile,Hyderabad
1747,P1747,Clothing,7,9,0,0,Laptop,Pune
1748,P1748,Electronics,21,9,0,0,Laptop,Kolkata
1749,P1749,Clothing,8,7,0,0,Laptop,Chennai
1750,P1750,Electronics,21,7,1,1,Mobile,Bangalore
1751,P1751,Clothing,11,5,1,1,Tablet,Bangalore
1752,P1752,Clothing,10,6,0,0,Mobile,Mumbai
1753,P1753,Beauty,4,7,1,0,Laptop,Chennai
1754,P1754,Beauty,7,6,0,0,Mobile,Pune
1755,P1755,Beauty,4,4,1,0,Mobile,Hyderabad
1756,P1756,Home,3,1,0,0,Tablet,Bangalore
1757,P1757,Electronics,23,3,0,0,Laptop,Pune
1758,P1758,Clothing,8,1,1,0,Mobile,Bangalore
1759,P1759,Beauty,23,8,1,1,Tablet,Mumbai
1760,P1760,Beauty,21,2,0,0,Mobile,Kolkata
1761,P1761,Clothing,8,6,1,0,Mobile,Pune
1762,P1762,Electronics,5,9,1,0,Tablet,Bangalore
1763,P1763,Home,15,9,0,0,Mobile,Pune
1764,P1764,Clothing,13,9,1,1,Tablet,Kolkata
1765,P1765,Home,2,10,0,0,Tablet,Chennai
1766,P1766,Home,14,2,1,0,Laptop,Delhi
1767,P1767,Home,11,7,0,0,Laptop,Mumbai
1768,P1768,Home,15,10,1,1,Tablet,Chennai
1769,P1769,Beauty,7,9,0,0,Mobile,Hyderabad
1770,P1770,Home,9,4,1,1,Tablet,Kolkata
1771,P1771,Home,11,7,1,1,Mobile,Pune
1772,P1772,Home,25,8,0,0,Mobile,Hyderabad
1773,P1773,Beauty,6,1,0,0,Mobile,Delhi
1774,P1774,Electronics,4,10,0,0,Laptop,Chennai
1775,P1775,Electronics,22,7,0,0,Tablet,Bangalore
1776,P1776,Beauty,18,3,1,0,Mobile,Mumbai
1777,P1777,Home,18,9,1,1,Laptop,Delhi
1778,P1778,Home,20,3,1,0,Laptop,Mumbai
1779,P1779,Home,4,5,1,0,Laptop,Bangalore
1780,P1780,Home,24,4,0,0,Laptop,Kolkata
1781,P1781,Beauty,15,10,0,0,Mobile,Pune
1782,P1782,Electronics,10,5,1,1,Laptop,Mumbai
1783,P1783,Beauty,2,8,0,0,Mobile,Mumbai
1784,P1784,Home,7,2,1,0,Mobile,Bangalore
1785,P1785,Beauty,20,3,1,0,Tablet,Pune
1786,P1786,Electronics,2,7,0,0,Laptop,Chennai
1787,P1787,Beauty,4,6,1,0,Mobile,Delhi
1788,P1788,Clothing,9,6,0,0,Laptop,Kolkata
1789,P1789,Clothing,19,5,0,0,Tablet,Mumbai
1790,P1790,Electronics,23,8,0,0,Tablet,Bangalore
1791,P1791,Electronics,7,4,1,0,Tablet,Chennai
1792,P1792,Electronics,15,7,1,1,Tablet,Chennai
1793,P1793,Home,19,9,0,0,Mobile,Bangalore
1794,P1794,Beauty,1,6,1,0,Laptop,Chennai
1795,P1795,Beauty,23,4,1,1,Laptop,Hyderabad
1796,P1796,Electronics,13,6,0,0,Mobile,Bangalore
1797,P1797,Beauty,10,10,0,0,Tablet,Mumbai
1798,P1798,Electronics,2,4,0,0,Tablet,Chennai
1799,P1799,Beauty,9,10,0,0,Mobile,Mumbai
1800,P1800,Electronics,2,8,0,0,Mobile,Mumbai
1801,P1801,Electronics,16,9,1,1,Laptop,Mumbai
1802,P1802,Home,9,7,1,1,Laptop,Bangalore
1803,P1803,Electronics,18,3,0,0,Mobile,Kolkata
1804,P1804,Electronics,16,10,1,1,Mobile,Chennai
1805,P1805,Electronics,25,4,1,1,Tablet,Pune
1806,P1806,Beauty,21,1,1,0,Mobile,Bangalore
1807,P1807,Clothing,2,1,0,0,Tablet,Bangalore
1808,P1808,Clothing,20,2,0,0,Mobile,Kolkata
1809,P1809,Beauty,11,10,1,1,Mobile,Kolkata
1810,P1810,Home,17,10,0,0,Tablet,Bangalore
1811,P1811,Home,20,1,1,0,Tablet,Delhi
1812,P1812,Beauty,12,1,1,0,Laptop,Delhi
1813,P1813,Home,11,8,1,1,Tablet,Delhi
1814,P1814,Home,17,7,0,0,Tablet,Bangalore
1815,P1815,Electronics,15,8,1,1,Tablet,Kolkata
1816,P1816,Clothing,16,10,1,1,Tablet,Chennai
1817,P1817,Home,3,6,0,0,Laptop,Kolkata
1818,P1818,Electronics,6,3,0,0,Mobile,Pune
1819,P1819,Electronics,4,2,0,0,Mobile,Kolkata
1820,P1820,Beauty,2,2,0,0,Laptop,Hyderabad
1821,P1821,Electronics,13,5,1,1,Tablet,Delhi
1822,P1822,Beauty,21,10,0,0,Tablet,Pune
1823,P1823,Electronics,15,8,0,0,Laptop,Pune
1824,P1824,Home,12,7,0,0,Mobile,Delhi
1825,P1825,Electronics,6,3,0,0,Tablet,Hyderabad
1826,P1826,Beauty,16,5,1,1,Mobile,Mumbai
1827,P1827,Electronics,4,6,0,0,Laptop,Chennai
1828,P1828,Electronics,4,6,1,0,Laptop,Hyderabad
1829,P1829,Electronics,10,5,1,1,Tablet,Kolkata
1830,P1830,Beauty,25,5,0,0,Mobile,Delhi
1831,P1831,Home,6,3,0,0,Mobile,Mumbai
1832,P1832,Home,14,9,1,1,Mobile,Bangalore
1833,P1833,Home,4,9,0,0,Mobile,Kolkata
1834,P1834,Clothing,20,8,1,1,Laptop,Kolkata
1835,P1835,Clothing,3,2,1,0,Mobile,Delhi
1836,P1836,Beauty,25,4,0,0,Mobile,Delhi
1837,P1837,Electronics,22,9,0,0,Laptop,Pune
1838,P1838,Home,3,1,1,0,Laptop,Pune
1839,P1839,Electronics,1,9,0,0,Laptop,Delhi
1840,P1840,Home,6,2,0,0,Laptop,Delhi
1841,P1841,Beauty,19,4,0,0,Laptop,Kolkata
1842,P1842,Electronics,13,4,1,1,Mobile,Mumbai
1843,P1843,Clothing,12,10,1,1,Laptop,Hyderabad
1844,P1844,Beauty,14,8,1,1,Laptop,Chennai
1845,P1845,Beauty,13,4,0,0,Laptop,Kolkata
1846,P1846,Home,23,10,1,1,Tablet,Pune
1847,P1847,Home,11,5,0,0,Mobile,Hyderabad
1848,P1848,Home,18,1,1,0,Laptop,Bangalore
1849,P1849,Electronics,15,1,0,0,Tablet,Chennai
1850,P1850,Beauty,5,6,1,0,Laptop,Pune
1851,P1851,Beauty,6,2,1,0,Tablet,Pune
1852,P1852,Electronics,12,6,0,0,Mobile,Chennai
1853,P1853,Clothing,24,7,0,0,Mobile,Hyderabad
1854,P1854,Home,2,8,0,0,Tablet,Kolkata
1855,P1855,Electronics,13,4,0,0,Laptop,Delhi
1856,P1856,Clothing,25,8,0,0,Laptop,Mumbai
1857,P1857,Beauty,5,7,0,0,Mobile,Kolkata
1858,P1858,Beauty,18,10,1,1,Mobile,Chennai
1859,P1859,Beauty,7,9,0,0,Tablet,Kolkata
1860,P1860,Home,22,4,0,0,Tablet,Mumbai
1861,P1861,Beauty,6,6,1,0,Mobile,Kolkata
1862,P1862,Beauty,21,8,1,1,Laptop,Chennai
1863,P1863,Clothing,6,3,1,0,Laptop,Pune
1864,P1864,Clothing,5,2,0,0,Mobile,Pune
1865,P1865,Electronics,10,8,0,0,Laptop,Bangalore
1866,P1866,Electronics,1,9,1,0,Mobile,Bangalore
1867,P1867,Electronics,21,5,1,1,Mobile,Hyderabad
1868,P1868,Home,22,6,1,1,Laptop,Mumbai
1869,P1869,Beauty,1,5,1,0,Tablet,Bangalore
1870,P1870,Beauty,22,9,1,1,Tablet,Kolkata
1871,P1871,Home,12,5,1,1,Laptop,Hyderabad
1872,P1872,Beauty,2,8,1,0,Laptop,Bangalore
1873,P1873,Electronics,8,10,1,0,Laptop,Pune
1874,P1874,Home,3,3,1,0,Laptop,Hyderabad
1875,P1875,Electronics,11,9,1,1,Mobile,Delhi
1876,P1876,Beauty,13,3,0,0,Mobile,Chennai
1877,P1877,Home,22,10,0,0,Mobile,Mumbai
1878,P1878,Home,12,4,0,0,Laptop,Chennai
1879,P1879,Clothing,20,6,1,1,Tablet,Kolkata
1880,P1880,Home,21,1,1,0,Mobile,Hyderabad
1881,P1881,Clothing,13,9,0,0,Tablet,Pune
1882,P1882,Home,24,6,1,1,Tablet,Bangalore
1883,P1883,Electronics,9,1,0,0,Tablet,Bangalore
1884,P1884,Home,11,6,0,0,Laptop,Chennai
1885,P1885,Clothing,24,8,0,0,Laptop,Chennai
1886,P1886,Beauty,17,1,0,0,Laptop,Delhi
1887,P1887,Clothing,25,7,0,0,Tablet,Pune
1888,P1888,Electronics,24,10,1,1,Mobile,Bangalore
1889,P1889,Home,21,6,1,1,Mobile,Mumbai
1890,P1890,Electronics,12,10,1,1,Tablet,Mumbai
1891,P1891,Clothing,21,1,1,0,Tablet,Hyderabad
1892,P1892,Beauty,12,5,0,0,Mobile,Chennai
1893,P1893,Home,15,7,1,1,Laptop,Pune
1894,P1894,Beauty,7,9,1,0,Laptop,Hyderabad
1895,P1895,Electronics,7,3,0,0,Laptop,Bangalore
1896,P1896,Beauty,17,3,1,0,Laptop,Bangalore
1897,P1897,Clothing,1,7,1,0,Laptop,Chennai
1898,P1898,Home,3,10,1,0,Tablet,Bangalore
1899,P1899,Clothing,14,7,0,0,Laptop,Delhi
1900,P1900,Clothing,23,2,1,0,Laptop,Bangalore
1901,P1901,Clothing,9,9,0,0,Tablet,Hyderabad
1902,P1902,Home,11,10,1,1,Mobile,Kolkata
1903,P1903,Home,16,8,1,1,Mobile,Chennai
1904,P1904,Home,11,4,0,0,Laptop,Chennai
1905,P1905,Clothing,1,5,1,0,Mobile,Chennai
1906,P1906,Electronics,6,9,1,0,Tablet,Kolkata
1907,P1907,Beauty,19,2,0,0,Mobile,Kolkata
1908,P1908,Electronics,8,5,1,0,Mobile,Delhi
1909,P1909,Beauty,17,6,1,1,Laptop,Bangalore
1910,P1910,Electronics,11,7,1,1,Tablet,Chennai
1911,P1911,Electronics,19,1,1,0,Laptop,Hyderabad
1912,P1912,Beauty,9,1,0,0,Mobile,Hyderabad
1913,P1913,Electronics,19,4,0,0,Tablet,Delhi
1914,P1914,Electronics,24,9,1,1,Mobile,Delhi
1915,P1915,Home,16,6,0,0,Tablet,Chennai
1916,P1916,Electronics,15,6,1,1,Mobile,Chennai
1917,P1917,Electronics,23,2,0,0,Mobile,Kolkata
1918,P1918,Home,11,6,1,1,Laptop,Pune
1919,P1919,Home,16,2,1,0,Tablet,Kolkata
1920,P1920,Beauty,16,8,1,1,Mobile,Chennai
1921,P1921,Clothing,25,9,0,0,Tablet,Chennai
1922,P1922,Home,23,3,1,0,Mobile,Kolkata
1923,P1923,Electronics,12,8,1,1,Laptop,Hyderabad
1924,P1924,Beauty,7,2,0,0,Mobile,Mumbai
1925,P1925,Electronics,1,2,1,0,Laptop,Delhi
1926,P1926,Clothing,21,2,0,0,Mobile,Kolkata
1927,P1927,Beauty,24,9,0,0,Laptop,Bangalore
1928,P1928,Clothing,3,6,0,0,Tablet,Pune
1929,P1929,Beauty,17,2,0,0,Mobile,Bangalore
1930,P1930,Clothing,9,7,1,1,Laptop,Pune
1931,P1931,Clothing,25,5,1,1,Mobile,Pune
1932,P1932,Beauty,2,2,0,0,Laptop,Kolkata
1933,P1933,Beauty,11,3,1,0,Mobile,Hyderabad
1934,P1934,Electronics,21,4,1,1,Tablet,Chennai
1935,P1935,Home,21,5,1,1,Mobile,Mumbai
1936,P1936,Home,14,2,0,0,Mobile,Kolkata
1937,P1937,Home,3,8,1,0,Laptop,Kolkata
1938,P1938,Electronics,21,4,1,1,Tablet,Chennai
1939,P1939,Beauty,7,10,0,0,Tablet,Chennai
1940,P1940,Beauty,23,7,0,0,Laptop,Kolkata
1941,P1941,Clothing,25,6,1,1,Mobile,Chennai
1942,P1942,Electronics,13,4,1,1,Tablet,Mumbai
1943,P1943,Home,4,10,1,0,Tablet,Pune
1944,P1944,Beauty,4,10,1,0,Tablet,Pune
1945,P1945,Clothing,18,8,1,1,Tablet,Hyderabad
1946,P1946,Electronics,10,8,1,1,Mobile,Kolkata
1947,P1947,Clothing,15,8,1,1,Mobile,Mumbai
1948,P1948,Clothing,15,10,0,0,Laptop,Bangalore
1949,P1949,Beauty,17,8,0,0,Laptop,Chennai
1950,P1950,Electronics,16,9,0,0,Mobile,Chennai
1951,P1951,Home,2,3,1,0,Laptop,Mumbai
1952,P1952,Beauty,2,7,1,0,Tablet,Hyderabad
1953,P1953,Electronics,5,9,1,0,Laptop,Bangalore
1954,P1954,Home,6,5,0,0,Mobile,Kolkata
1955,P1955,Clothing,6,9,1,0,Tablet,Chennai
1956,P1956,Home,5,3,0,0,Mobile,Hyderabad
1957,P1957,Clothing,19,5,0,0,Laptop,Kolkata
1958,P1958,Beauty,11,9,0,0,Laptop,Mumbai
1959,P1959,Beauty,13,1,1,0,Laptop,Chennai
1960,P1960,Clothing,17,3,1,0,Laptop,Hyderabad
1961,P1961,Home,5,7,0,0,Mobile,Hyderabad
1962,P1962,Beauty,4,8,1,0,Laptop,Kolkata
1963,P1963,Beauty,2,7,0,0,Mobile,Bangalore
1964,P1964,Clothing,18,2,0,0,Mobile,Mumbai
1965,P1965,Beauty,24,7,0,0,Laptop,Chennai
1966,P1966,Electronics,20,4,1,1,Tablet,Chennai
1967,P1967,Home,16,9,1,1,Laptop,Mumbai
1968,P1968,Home,3,5,0,0,Laptop,Chennai
1969,P1969,Electronics,14,1,1,0,Mobile,Hyderabad
1970,P1970,Electronics,3,8,1,0,Laptop,Chennai
1971,P1971,Beauty,22,8,1,1,Tablet,Hyderabad
1972,P1972,Beauty,23,5,1,1,Tablet,Hyderabad
1973,P1973,Clothing,8,7,1,0,Laptop,Delhi
1974,P1974,Clothing,14,9,0,0,Laptop,Mumbai
1975,P1975,Clothing,16,8,1,1,Tablet,Kolkata
1976,P1976,Electronics,20,8,1,1,Mobile,Chennai
1977,P1977,Clothing,24,1,1,0,Laptop,Chennai
1978,P1978,Clothing,8,5,1,0,Laptop,Pune
1979,P1979,Clothing,21,4,1,1,Mobile,Chennai
1980,P1980,Clothing,11,7,0,0,Tablet,Kolkata
1981,P1981,Electronics,2,5,1,0,Laptop,Delhi
1982,P1982,Beauty,11,7,1,1,Mobile,Pune
1983,P1983,Clothing,19,3,1,0,Tablet,Delhi
1984,P1984,Clothing,24,7,0,0,Laptop,Mumbai
1985,P1985,Beauty,9,1,0,0,Mobile,Bangalore
1986,P1986,Electronics,6,10,1,0,Laptop,Hyderabad
1987,P1987,Home,17,3,1,0,Laptop,Pune
1988,P1988,Home,8,5,1,0,Tablet,Hyderabad
1989,P1989,Home,23,3,1,0,Mobile,Delhi
1990,P1990,Electronics,14,5,1,1,Mobile,Chennai
1991,P1991,Beauty,9,7,1,1,Mobile,Pune
1992,P1992,Electronics,21,1,0,0,Mobile,Delhi
1993,P1993,Beauty,1,4,1,0,Mobile,Pune
1994,P1994,Home,18,5,1,1,Laptop,Hyderabad
1995,P1995,Beauty,22,8,1,1,Tablet,Delhi
1996,P1996,Home,22,9,0,0,Tablet,Hyderabad
1997,P1997,Home,19,2,1,0,Tablet,Hyderabad
1998,P1998,Clothing,8,5,0,0,Tablet,Chennai
1999,P1999,Electronics,8,2,0,0,Mobile,Delhi
